Case Name,TS Length,Segments,Max Seg Length,Min Seg Length,Anomaly Ratio (%),Avg Anomaly Length
MSL,73729,36,1141,11,10.53316876669967,215.72222222222223
NIPS_TS_Creditcard,284807,465,5,1,0.1727485630620034,1.0580645161290323
SWAT,449919,35,35900,101,12.140185233342002,1560.6
SMD-1-1,28479,8,721,2,9.459601811861372,336.75
SMD-2-1,23694,13,452,8,4.937958976956192,90.0
SMD-3-1,28700,4,131,21,1.0731707317073171,77.0
PSM,87841,72,8861,1,27.755831559294634,338.625
